userId,userName,password,preferences
33257035290,Karen Price,game,"['clothing', 'beauty']"
34501303449,Sheila Garcia,leader,['pets']
18957908008,Tina Bowen,six,"['pets', 'clothing', 'sports']"
21195440796,Jasmine Hendrix,degree,"['clothing', 'books']"
20195652059,Shelly Salinas,how,"['health', 'clothing', 'beauty']"
11546235696,Christopher Wells,by,['beauty']
62924734437,Sarah Reed,teacher,"['beauty', 'health']"
52860626758,Miss Amanda Miller,myself,"['books', 'beauty']"
76359078254,Angela Cox,with,['health']
15614464850,Shane Wood,involve,"['health', 'clothing', 'automotive']"
51923903607,Chad Melendez,management,"['clothing', 'books']"
98756039419,Sean Davis,thought,"['home decor', 'toys']"
66500573517,Barbara Maldonado,development,"['sports', 'electronics', 'beauty']"
83431973322,Melissa Jenkins,why,"['health', 'toys', 'pets']"
69542044005,Ronald Kent,amount,"['sports', 'toys', 'electronics']"
92901318652,Steven Moore,decade,['pets']
24445872421,Joel Bishop,personal,['health']
11037731006,Rebecca Simmons,we,"['home decor', 'electronics']"
46486353830,Tara Reyes,note,"['pets', 'sports']"
38667582248,Kyle Lopez,until,"['clothing', 'books', 'sports']"
10893822197,Michael Lopez,wall,['automotive']
92241432503,Mary Turner MD,dog,"['food', 'books']"
33727197051,Sarah Cox,note,['automotive']
74776558783,Ronald Pope,role,"['toys', 'home decor', 'food']"
53342579208,Rebecca White,partner,"['automotive', 'electronics']"
27707359081,Rebecca Morris,east,['clothing']
40417770926,Blake Beasley,industry,"['health', 'home decor']"
38935545192,Stephanie Weiss,type,['health']
96560954030,David Tran,your,"['home decor', 'sports']"
30932374868,Mary Dixon,hit,"['home decor', 'toys']"
47389004591,Chad Walker MD,increase,"['food', 'books', 'sports']"
12003165489,Justin Rodriguez,many,['beauty']
17849694944,Duane Johnson,occur,['electronics']
68848636563,Gabrielle Dunn,stage,"['home decor', 'toys']"
28959482103,Jesse Lewis,this,"['sports', 'home decor']"
16184197775,Christopher Roth,grow,"['beauty', 'toys']"
49297894631,Marissa Garza,build,"['books', 'food']"
29928812169,John Wilson,born,"['electronics', 'sports']"
84375575033,Jesse Flowers,some,"['books', 'beauty', 'clothing']"
47589731527,John King,middle,"['toys', 'books', 'food']"
54683066976,John Adams,inside,"['automotive', 'pets', 'toys']"
32053972156,Teresa Gonzalez,deep,['electronics']
53545174572,Jeffrey Kline,every,"['pets', 'electronics', 'beauty']"
42576687321,Grace Bell,our,"['toys', 'sports']"
99930054432,Alexis Anderson,point,['clothing']
40716227802,Andrew Diaz,rock,"['home decor', 'sports']"
46722649725,Cameron Jackson,forget,"['toys', 'food']"
44041102677,Glenn Moon,police,['food']
93010925687,Michael Rodriguez,parent,"['clothing', 'health', 'toys']"
39280517504,Terri Nichols,call,['home decor']
38941037445,Adrian Gibson,scientist,['toys']
20237140055,Suzanne Taylor DVM,they,['toys']
94287215059,Michael Smith,hold,"['automotive', 'beauty']"
94166942494,Leslie Coleman,serious,"['toys', 'food', 'sports']"
40455026879,Kelsey Maddox,line,"['books', 'automotive']"
12025281151,Nicholas Boyer,tree,"['health', 'home decor']"
27103222765,Steven Price,record,"['toys', 'health', 'food']"
36699267150,Jacqueline Gonzalez,buy,['electronics']
60806606345,Patrick Willis,step,['food']
74439247627,Jennifer Chavez,top,"['beauty', 'books', 'electronics']"
81128285763,Adam Torres,central,"['books', 'toys']"
18981210801,Cynthia Young,stage,"['automotive', 'home decor']"
15818238128,Dennis Rogers,address,['automotive']
62789713590,James Potts,him,"['food', 'health', 'automotive']"
10185365280,Brenda Blair,around,['beauty']
50364828889,Harry Lang,religious,"['beauty', 'home decor', 'electronics']"
41133374132,Christopher Castro,new,"['pets', 'electronics', 'books']"
38423550784,Audrey Carter DVM,paper,"['clothing', 'sports']"
19026806862,Melissa Winters,behind,"['sports', 'automotive']"
43765064222,Scott Paul,rate,"['automotive', 'sports', 'health']"
60319703534,Teresa Hudson,box,['automotive']
33149715989,Melissa Rodriguez,skill,['food']
81348752611,Valerie Caldwell,wall,['home decor']
79646366998,Tammy Lewis,free,"['pets', 'toys']"
51944598341,Corey Simmons,field,"['pets', 'beauty']"
31012241884,Christina Gillespie DDS,customer,['clothing']
86486737792,David Baker,memory,['clothing']
70019127750,Joseph Daniel,blue,"['beauty', 'food']"
48761135962,Allison Thompson,response,['sports']
75781471296,Vanessa Sullivan,economy,['health']
70256059046,Gary Byrd,need,['electronics']
70084593194,Karen Griffin,professional,"['electronics', 'sports', 'automotive']"
13426415974,Barry Flores,education,"['home decor', 'clothing', 'sports']"
14756499339,Shawn Lucero,however,"['home decor', 'pets', 'sports']"
78531643447,Rose Smith,occur,['home decor']
95206313795,Christopher Wilson,onto,"['automotive', 'toys']"
72957275572,Elizabeth Snyder,brother,['electronics']
12736746486,Jamie James,describe,"['home decor', 'health']"
69880597421,Robert Gomez,candidate,"['food', 'toys']"
47339662201,Geoffrey Williams,blue,['toys']
36464987833,Michael Marquez,wind,['electronics']
94134128047,George Munoz,daughter,"['clothing', 'pets', 'health']"
52684815189,Brett Perry,fund,"['clothing', 'beauty']"
63898171589,Nina Joseph,since,"['home decor', 'beauty']"
64146462985,Laurie Hendricks,herself,"['home decor', 'beauty']"
97656997374,Wayne Miranda,instead,['automotive']
48004179851,Dana Gonzalez,film,"['automotive', 'food', 'books']"
65867512855,Amber May,the,"['clothing', 'pets', 'automotive']"
77897027409,Craig Garcia,ever,['sports']
91850460297,Daniel Anderson,fly,"['beauty', 'home decor']"
37345636657,Lori Russell,day,['automotive']
21549935592,Robert Cole,heart,"['sports', 'automotive']"
70732157807,Christopher Mcdonald,night,['home decor']
18489849887,Kerry Wilson,head,"['toys', 'pets']"
85567887369,Cynthia Rogers,all,"['food', 'automotive', 'home decor']"
79845569953,Rachel Hernandez,son,"['home decor', 'health']"
12659370253,Elizabeth Harris,structure,['food']
52290361861,Matthew Barber,light,['home decor']
59224855308,Valerie Rice,political,"['home decor', 'pets', 'automotive']"
20751277312,Mrs. Amber Pineda,inside,"['pets', 'books']"
52589233673,Audrey Ayala,bring,"['pets', 'toys']"
97496508584,Jonathan Roberts,describe,['health']
20367688866,Natalie Dominguez,PM,"['beauty', 'electronics', 'books']"
80691845601,Julie Mcmahon,international,"['home decor', 'toys']"
75304307780,Marcus Miles,point,['beauty']
42184978157,Jaclyn Martin,bag,"['books', 'sports', 'electronics']"
69008083173,Marcus Pierce,fine,"['pets', 'health', 'electronics']"
62397072225,Deanna Smith,need,"['toys', 'sports', 'home decor']"
70818516785,Nicole Wilson,question,['sports']
78782074899,Valerie Graves,property,"['sports', 'pets']"
95852822243,Regina Vega,as,['home decor']
88744976905,Jack Atkins,prepare,"['health', 'pets']"
78657144199,Mackenzie Craig,stop,"['clothing', 'food', 'health']"
33512793425,Kristen Wheeler,power,"['health', 'beauty', 'sports']"
47112814402,John Ferguson MD,try,"['automotive', 'electronics', 'clothing']"
59507014850,Jacob Hurley,firm,"['pets', 'clothing']"
49963365005,Robert Ross,bill,['beauty']
40775463832,Erin Griffin,goal,['automotive']
72020176876,Timothy Mercer IV,section,"['electronics', 'clothing']"
31098518569,Jack Martinez,sport,"['sports', 'clothing']"
66273909656,Donna Sutton,food,"['pets', 'books']"
76961398721,William Nixon,real,"['food', 'home decor']"
73834881732,Vicki Cruz,leave,"['beauty', 'sports']"
17919567881,Brian Gates,like,"['health', 'beauty', 'pets']"
24111177456,William Hensley,risk,['sports']
34363754771,John Diaz,establish,"['beauty', 'food']"
30643316413,Cynthia Ramos,must,"['toys', 'books']"
68455718215,Michael Gonzales,special,"['electronics', 'food', 'health']"
59360126558,Sandra Bailey,they,"['health', 'sports', 'clothing']"
68962624933,Kristin Sanchez,recent,"['health', 'toys', 'food']"
62901206275,Hannah West,rock,"['pets', 'sports']"
82713263616,Jennifer Nguyen,public,"['sports', 'toys']"
80957939331,Heidi Haynes,and,['beauty']
99758614176,Jacob Anthony,situation,"['pets', 'toys', 'automotive']"
14101978391,Kathy Bauer,themselves,"['health', 'sports']"
18643676592,Tiffany Campos,economic,"['health', 'clothing', 'books']"
62782117590,Abigail Thornton,sport,"['sports', 'home decor', 'health']"
92802182055,Janice Le,different,['sports']
13243245773,Carlos Lopez,available,['food']
58161873201,Angel Coleman,their,['pets']
34995876771,Ronnie Douglas,hard,"['pets', 'home decor']"
38289750030,Sonya Morgan,beautiful,['beauty']
31637978286,Dr. Christopher Perez,present,['sports']
96795678908,Angela Kemp,travel,"['electronics', 'food']"
64294481965,Virginia Hart,ten,"['home decor', 'electronics']"
35947522701,Heather Henderson,story,"['food', 'toys', 'home decor']"
66387899891,Tyler Lee IV,decision,['books']
65675843570,Kevin Richardson,center,"['pets', 'automotive', 'clothing']"
95446005793,Emily Morales,agent,"['toys', 'books']"
48747076529,Donald Ramirez,everybody,"['health', 'beauty', 'home decor']"
96183465796,Alexandra Gonzalez,fund,"['food', 'electronics', 'beauty']"
45626001063,William Roach,lose,['toys']
63889041012,Margaret Stein,care,['electronics']
90339630850,Jennifer Lee,industry,['health']
38175542497,Lisa Lewis,speak,"['food', 'books', 'clothing']"
18393905146,Mary Franklin,significant,"['books', 'clothing']"
92478771989,Dave Williams,expect,['clothing']
72600089488,Christopher Jones,place,"['electronics', 'toys']"
57137071087,Jessica Reid,produce,"['electronics', 'home decor']"
72720585782,Robert May,partner,['automotive']
68024636542,Natalie Davis,thank,['automotive']
74668945995,Alexandra Madden,create,"['clothing', 'toys', 'beauty']"
63901750144,James Payne,usually,"['toys', 'beauty', 'electronics']"
45236983253,Gregory Robinson,speak,"['home decor', 'books', 'sports']"
97690049532,Michael Davis II,finally,['sports']
71230745469,Cynthia Murphy,make,['toys']
32205697082,Jeffrey Lynch,agent,"['toys', 'home decor', 'sports']"
14010458202,Janice Hill,trouble,"['automotive', 'electronics']"
71236820471,Alison Pugh,citizen,"['sports', 'health', 'pets']"
75372298621,Andrew Eaton,particularly,['food']
91298277183,Joseph Rodriguez,indeed,"['clothing', 'books', 'pets']"
13681167320,James Obrien,usually,"['beauty', 'automotive', 'pets']"
55303263770,Mary Collins,indicate,"['books', 'food', 'sports']"
74045279316,Suzanne Morrison,forget,['books']
38012389797,Bradley House,professional,"['home decor', 'food', 'books']"
61191510770,Erik Dyer,agency,"['home decor', 'sports']"
95647082268,Meagan Gordon,magazine,['health']
83436046791,Robert Gutierrez,up,"['electronics', 'health']"
98988074783,Michael Lucas,garden,"['sports', 'beauty', 'books']"
86895980871,Jacob Miller,smile,"['beauty', 'food', 'home decor']"
67739327824,Melissa Miller,perform,"['automotive', 'pets', 'beauty']"
61346964832,Jordan Gordon,give,['pets']
58542873917,Travis Winters,task,"['toys', 'clothing']"
21180076965,Jason Chambers,major,"['automotive', 'home decor']"
50204089055,Sharon Flores,what,['toys']
94530224214,Hannah Frye,significant,"['clothing', 'electronics', 'home decor']"
79827982998,Angela Anderson,add,['home decor']
21040513231,Tanya Rogers,continue,"['food', 'electronics', 'beauty']"
63493930637,Timothy Maldonado,member,['home decor']
14026838009,Brittany Allison,go,['toys']
78655428081,Nicholas Clay,short,"['electronics', 'pets', 'books']"
92783896290,David Adams,international,"['books', 'home decor']"
13439200017,Eric Dominguez,treat,"['toys', 'food']"
36328384258,Gregory Morgan,red,['clothing']
70815185469,Mario Rodriguez,child,"['electronics', 'toys', 'clothing']"
11646219847,Tamara Sullivan,region,"['electronics', 'food', 'sports']"
87145064835,Nicholas Taylor,hotel,"['automotive', 'books']"
63537129582,Ashley Wright,gun,['health']
81870281281,Victoria Clark,local,"['books', 'clothing']"
33781123251,Mary Welch,teacher,"['health', 'books', 'beauty']"
57423264405,Patrick Sanchez,order,"['pets', 'sports', 'home decor']"
61195954416,Charlene Sanford,morning,"['toys', 'health']"
64297217510,Stephanie Curtis,already,"['clothing', 'books']"
61423086766,Samuel Wilson,draw,"['toys', 'health', 'automotive']"
73626700807,Laura Davis,but,"['clothing', 'toys', 'food']"
99852130867,Margaret Matthews,huge,"['automotive', 'pets', 'sports']"
23207180637,Sarah Jones,political,['automotive']
51943763771,Tina Harvey,view,['automotive']
87319538270,Sarah Cook,eight,"['home decor', 'pets', 'electronics']"
15852141616,Michael Castillo,style,['home decor']
57829396997,Karen Bean,Congress,['clothing']
44186792641,Brenda Reynolds,magazine,"['electronics', 'health']"
64562398972,Alexander Hubbard,bag,"['beauty', 'electronics']"
14512791824,Nicholas Hernandez,impact,"['pets', 'beauty', 'food']"
97994724091,Patrick Miller,start,['books']
58578256252,Michele Horn,success,"['beauty', 'home decor']"
76711420648,Samantha Hayes,personal,"['books', 'toys']"
50805968163,Justin Hernandez,western,['home decor']
52869632299,Victoria Richards,girl,['pets']
68098867653,Victoria Russo,beautiful,"['health', 'automotive', 'beauty']"
86117911436,Peter Williams,media,['toys']
27313299826,Karen Marshall,modern,"['food', 'sports']"
71667149332,Alexander Dickson,card,['clothing']
30741797174,Sarah Chandler,board,"['pets', 'clothing']"
57093285022,Dr. Christina Wells,plant,['health']
90193834519,Laura Ward,expert,"['electronics', 'food', 'clothing']"
51396499257,Sandra Marshall,although,"['beauty', 'automotive']"
11075169418,Christopher Robinson,I,"['books', 'home decor']"
18783952105,Shannon Benson,bank,"['home decor', 'clothing', 'sports']"
92110104252,Thomas Powell,less,"['home decor', 'sports', 'automotive']"
19126631290,Paula Sanford,both,"['clothing', 'beauty']"
27061792429,Veronica Garrett,rule,"['beauty', 'home decor', 'books']"
87908807753,Charlene Jordan,son,['beauty']
31175524052,Bonnie Martinez,left,"['pets', 'home decor']"
23672940359,Paul Long,a,"['toys', 'pets', 'automotive']"
52344749891,Brittany Palmer,head,"['home decor', 'books']"
64725211932,Caleb Alexander,total,"['sports', 'home decor', 'pets']"
34801362136,Stacy Obrien,once,"['electronics', 'books']"
22813926935,Steven Galloway,keep,"['health', 'pets']"
82526829781,Mary Smith,ten,"['clothing', 'health']"
65628920865,Nicholas Wilkerson,organization,"['pets', 'clothing', 'home decor']"
99238888904,Kayla Young,year,"['books', 'beauty']"
24780011585,Scott Smith,glass,"['sports', 'books', 'home decor']"
53477137062,Bruce Baker,material,"['automotive', 'health']"
11727596746,Edward Miles,ago,['books']
60536835312,Samuel Gibson,garden,"['clothing', 'books']"
87810614683,Crystal Butler,long,"['sports', 'health', 'automotive']"
45670731540,Timothy Parks,paper,"['pets', 'automotive', 'toys']"
72070326327,Nathan Mason,international,"['home decor', 'sports']"
19439186560,Shari Gaines,hundred,"['books', 'pets']"
27641195958,Lauren Wells,human,['health']
21821978340,Kevin Watkins,economic,['toys']
67576990717,Stephen Smith,seven,['electronics']
70480555429,Pamela Gilmore,kid,"['health', 'toys', 'food']"
84492649433,Monique Wilson,focus,"['clothing', 'home decor', 'automotive']"
16913287763,Gregory Collins,center,"['beauty', 'pets']"
85958890729,Christopher Gates,attorney,"['pets', 'home decor', 'food']"
25506888026,Pamela Carlson,radio,['automotive']
13423310448,Mary Bailey,create,"['automotive', 'home decor', 'clothing']"
80423236258,Ann Bradshaw,run,['food']
96941053322,Tanya Johnson,yard,['automotive']
86946272911,Sarah Carter,degree,['food']
45080255359,April Gordon,traditional,"['clothing', 'pets']"
19962627161,John Mann,anything,"['beauty', 'automotive', 'health']"
96450876447,Paul Zavala,cup,['home decor']
22119931510,Lauren Mitchell,defense,"['books', 'beauty', 'home decor']"
84607052512,Karen Rogers,east,"['beauty', 'toys', 'pets']"
86858413186,Nicole Salazar,south,"['books', 'home decor']"
26811126754,Bill Nelson,cold,"['health', 'automotive']"
57793169565,Jordan Buchanan,group,['food']
74882211187,Mark Swanson,central,['clothing']
58988254364,Carl Hernandez,hospital,"['health', 'electronics', 'clothing']"
32766903117,Jay Benjamin,outside,['clothing']
65685118085,Ian Nichols,cell,"['food', 'automotive']"
44661429447,Thomas Mcintyre,street,['electronics']
95276465636,James Jones,heart,"['food', 'sports']"
65918317456,Dr. Jennifer Spears MD,admit,"['sports', 'beauty']"
14464805774,Shirley Young,drug,"['books', 'beauty']"
68304551949,Paul Brown MD,four,['electronics']
37286201931,Kathy Andrews,its,['pets']
44050303102,Joann Figueroa,to,"['pets', 'automotive']"
63197052124,Breanna James,family,"['books', 'food', 'health']"
30979399880,Maria Rivera,any,['books']
69619107536,Patricia Frazier DVM,prove,"['clothing', 'automotive', 'health']"
35799410428,Mark Park,PM,"['sports', 'food']"
45449004261,Paul Sanders,general,['pets']
92770399977,Amy Mcgrath,mean,"['food', 'home decor']"
26071398560,Kayla Harris,we,['home decor']
19803083800,Jasmine Martinez,by,['health']
22070684162,Amanda Baker,get,['health']
54725992497,Jimmy Haley,party,"['home decor', 'health']"
90129725110,Angela Proctor,you,['beauty']
66982771994,Judy English,wonder,"['automotive', 'books']"
84344144854,Lisa Johnson,sport,"['clothing', 'electronics', 'pets']"
22184586717,James Sweeney Jr.,cultural,['electronics']
58882965081,Hunter Nelson,attorney,"['electronics', 'automotive', 'food']"
59947954065,Spencer Gonzalez,fire,"['automotive', 'pets', 'books']"
20187758467,Hunter Gutierrez,give,"['automotive', 'beauty', 'toys']"
51100390192,Jose Davis,leg,"['food', 'pets']"
86519458154,Erika Bond,focus,"['automotive', 'beauty', 'home decor']"
50058252948,Jennifer Molina,anyone,"['toys', 'electronics', 'food']"
11835321437,Jason Yates,stop,['pets']
33742570522,Benjamin Poole,hotel,"['electronics', 'books', 'sports']"
37028176664,William Williams,after,"['pets', 'clothing']"
74922463594,Thomas Jones,fall,['sports']
31835841365,Jason Moss,heart,"['sports', 'clothing', 'health']"
34395040289,Tiffany Hancock,already,"['electronics', 'home decor']"
22254027154,Phillip Garrett,edge,"['clothing', 'toys']"
17603227072,Amanda Jones,traditional,"['automotive', 'toys', 'food']"
85789753551,Christine Flores,table,"['home decor', 'health', 'clothing']"
59529275118,Jennifer George PhD,value,"['pets', 'beauty', 'sports']"
96357081706,James Williams Jr.,whatever,"['sports', 'beauty', 'electronics']"
45384964041,Donna Davis,suffer,"['clothing', 'books', 'food']"
18642030888,Katie Buck,we,"['automotive', 'pets']"
34994633083,Carl Nelson,tend,['home decor']
68887912015,Mark Sanchez,opportunity,['food']
74247681237,Scott Gonzalez,production,['electronics']
42335839032,Douglas Cline,since,['home decor']
88957141350,Jeffrey Rasmussen,simple,"['beauty', 'clothing']"
98847763054,Sandra Lopez,soon,"['health', 'books', 'automotive']"
42571797802,Samantha Baker,size,"['automotive', 'health', 'home decor']"
93355484385,Jose Guerrero,prove,['electronics']
32614859503,Dwayne Harris,gun,"['electronics', 'sports', 'books']"
63644403379,Robert Logan,artist,"['pets', 'clothing', 'electronics']"
94667075245,Patrick Sexton,newspaper,"['home decor', 'sports', 'toys']"
65537192182,Patricia Juarez,per,['health']
30386820021,Taylor Crawford MD,arm,"['toys', 'clothing']"
44134599085,Elizabeth Bradley,magazine,['clothing']
16337320385,Dawn Medina,sit,['toys']
41004870474,Jessica Reyes,production,['home decor']
30002441773,Virginia Todd,mention,"['clothing', 'electronics', 'pets']"
36501967017,Elizabeth Bailey,animal,"['sports', 'automotive']"
63779096919,Eric Friedman,note,"['sports', 'home decor', 'toys']"
16018215933,Stacey Steele,federal,"['automotive', 'books', 'electronics']"
93875385968,Robert Stafford,culture,['health']
31208221021,Katherine Henry,standard,"['beauty', 'health']"
49105715466,Renee Parker,view,"['beauty', 'health', 'home decor']"
45819433885,Jillian Ramirez,head,['food']
95800635382,Curtis Moran,central,"['automotive', 'food', 'books']"
17146652714,Jacob Jones,nature,"['food', 'clothing']"
55079203041,Brandon Castillo,want,"['sports', 'health']"
68858592582,Matthew Cruz,agreement,"['electronics', 'pets', 'beauty']"
14572502220,Lawrence Green,subject,"['beauty', 'health', 'home decor']"
10114918945,Megan Velasquez,baby,['clothing']
69158370071,Janice Rogers,stay,['sports']
43310037733,Donna Roberson,might,"['books', 'pets', 'sports']"
72138373499,Ethan Williams,reason,"['home decor', 'books']"
97179446246,Michael Sanders,try,"['clothing', 'food']"
82922589958,Alexandria Lane,senior,"['health', 'sports']"
58173406058,Angela Salas,compare,['pets']
75929571127,Timothy Huber,way,"['automotive', 'books']"
20597502568,Hailey Ray,hour,"['toys', 'food', 'sports']"
68193868969,Diane Bridges,early,"['food', 'automotive', 'pets']"
28568928260,Jason Boyd,cell,['automotive']
38207175899,Barbara Guerrero,four,"['food', 'pets']"
57009822130,Donna Brown,such,"['clothing', 'electronics']"
59016013399,William Stewart,herself,['toys']
74891032690,Brenda Jones,fact,"['beauty', 'electronics']"
68670550675,Carol Kelly,close,"['automotive', 'health', 'clothing']"
29013594317,Patrick Smith,pull,"['clothing', 'pets']"
23272654548,Tanya Lee,tell,['toys']
18090271253,Mary Mitchell,itself,"['clothing', 'toys']"
72926229532,Todd Robinson,type,"['food', 'automotive', 'electronics']"
65469005147,Vincent Robinson,people,['clothing']
67225201146,Timothy Walker,firm,"['electronics', 'sports', 'food']"
28168166668,Dr. Randall Mercer MD,spend,['health']
49704434220,Krista Merritt,per,['pets']
48515389490,Sydney Mcdonald,federal,"['pets', 'health', 'clothing']"
44113866419,Michael Jones,this,"['health', 'sports']"
52928298646,Brian Cox,night,['clothing']
15755280762,Kimberly Robinson,anyone,"['home decor', 'pets']"
85428773531,Paul Mccoy,dream,"['clothing', 'pets', 'automotive']"
24661948806,Angela Sanchez,environment,['sports']
13235661373,Michael Huffman,accept,"['books', 'health']"
83502090177,Erica Soto,every,"['automotive', 'home decor', 'food']"
52817644107,Betty Smith,paper,"['home decor', 'clothing', 'beauty']"
11338371135,Theresa Reynolds,none,"['electronics', 'pets']"
89952602058,Karen Rodriguez,race,"['food', 'beauty']"
68745669305,Kelly Mcbride,couple,['beauty']
63233366336,Lisa Mann,break,"['pets', 'beauty', 'toys']"
98503288864,Jesse Tapia,agree,"['books', 'beauty', 'clothing']"
51426395249,Charles Kline,provide,"['clothing', 'food']"
87491884463,Timothy Davidson,candidate,"['home decor', 'electronics', 'books']"
10836148706,Brittany Gonzales,leader,"['clothing', 'beauty']"
66177623840,Tim Morris,create,"['books', 'toys']"
11322164635,Todd Williams,down,"['health', 'books', 'electronics']"
50304871801,Eric Morales,employee,"['home decor', 'food', 'electronics']"
82676175797,Kathleen Moore,over,['automotive']
27044624606,Timothy Rose,center,"['automotive', 'pets']"
76927221220,Miranda Banks,space,"['electronics', 'toys', 'home decor']"
94158738477,Danielle Barnes,action,"['beauty', 'food']"
28745741501,Ricardo Wheeler,ground,['toys']
27691126497,Sarah Mckee,with,['pets']
20762583529,Christopher Gomez,military,"['beauty', 'clothing', 'pets']"
15111053557,Jacqueline Walker,interview,"['electronics', 'beauty', 'toys']"
18616547355,Stephanie Kelley,voice,['beauty']
80087062679,Lisa Carrillo,sure,"['home decor', 'clothing']"
28784298474,Todd Rice,there,"['health', 'toys']"
97714534512,Mark Hunt,catch,['home decor']
42809800753,Carla Jackson,whatever,"['home decor', 'automotive', 'food']"
78462187458,Gary Brock,many,"['clothing', 'electronics', 'beauty']"
18294627036,Vanessa Reed,activity,"['clothing', 'books', 'electronics']"
84537670580,Ann Morales,answer,"['pets', 'automotive']"
52636456036,James Tanner,loss,"['books', 'health', 'electronics']"
82440077013,Matthew Taylor,check,"['health', 'clothing']"
23688314908,Cameron Williamson,sometimes,"['health', 'pets']"
95251326631,Amy Roberts,quickly,"['toys', 'automotive', 'beauty']"
37976512631,Kevin Moyer,condition,['electronics']
61561437623,Kenneth Hudson,heart,"['electronics', 'books']"
11123976876,Erica Johnson,keep,['sports']
54318789235,Michael Lloyd,science,['health']
47712994918,Reginald Cain,look,"['food', 'sports']"
47404718569,Kelly Maxwell,foreign,"['health', 'books']"
46206617700,Walter Salinas,them,"['books', 'sports', 'health']"
46106475320,Paul Mason,to,"['automotive', 'sports']"
24371939975,Andrea Russell,east,"['clothing', 'toys', 'health']"
56749713728,Kathryn Smith,born,"['automotive', 'food', 'home decor']"
80278818863,Ashley Smith,grow,"['books', 'home decor', 'food']"
91274017978,Roy Hancock,federal,"['automotive', 'sports', 'food']"
88362005564,Lori Farley,assume,"['clothing', 'sports']"
99135864457,Richard Richardson,as,"['home decor', 'toys', 'food']"
82457959777,Cheryl Christensen,none,"['pets', 'automotive', 'beauty']"
79078851033,Brian Hawkins,least,['clothing']
39470940639,Rhonda Young,one,"['beauty', 'sports', 'food']"
65409989951,Nathan Martin,avoid,['clothing']
98439163894,Zachary Madden,season,"['home decor', 'electronics', 'food']"
90938282315,Veronica Bentley,myself,"['sports', 'electronics']"
59648568570,Mr. Joseph Williams,give,"['health', 'automotive', 'clothing']"
93147243018,Ashley Gordon,forward,['food']
81256748617,Tommy Elliott,have,['food']
38249231256,Timothy Collins,star,['home decor']
39101358957,Brandon Douglas,rather,"['clothing', 'books', 'home decor']"
73025610862,Sandra Ramirez,senior,"['automotive', 'home decor']"
65763145748,Michael Garcia,nice,"['books', 'clothing']"
33260616777,David Williams,sense,"['clothing', 'beauty']"
57844409565,William Salinas,party,"['clothing', 'health', 'sports']"
96838693760,Jason Foster,might,['toys']
84574852511,Pamela Sandoval,sense,['beauty']
36821342781,Stanley Olsen,conference,['beauty']
18167966110,Adam Robinson,write,['beauty']
92751891256,John Ramsey,American,['home decor']
35673264937,Tonya Roberts,nice,['home decor']
46760823431,Bethany Chandler,other,"['sports', 'home decor', 'automotive']"
35969524260,Casey Mason,herself,['home decor']
64340258663,Zoe Miller,heart,"['health', 'automotive']"
58677748155,Victoria Vang,mission,"['books', 'home decor', 'food']"
65691766816,Jerome Reyes,drive,['home decor']
64416723551,Karen Williams,anyone,"['sports', 'electronics', 'health']"
56659691206,Cindy Pearson,plant,"['food', 'health']"
35096345835,Ryan Gonzalez,politics,['home decor']
72050677124,Michael Morrison,response,['health']
66962640422,Robert Gibson,would,"['automotive', 'beauty']"
58329680381,Michelle Long,stay,"['toys', 'home decor', 'automotive']"
50625917649,Victoria Brown,same,"['books', 'automotive', 'food']"
36780489305,Susan Garcia,drive,"['toys', 'food', 'automotive']"
44361505579,Steven Torres,would,"['health', 'sports', 'home decor']"
35436411403,Kevin Padilla,each,['pets']
47769591912,Kevin Kemp,member,['electronics']
54201802783,Christian Harris,ready,"['toys', 'sports']"
58450834041,Michael Anderson,among,"['beauty', 'sports']"
65587130212,Taylor Keith,adult,"['home decor', 'health']"
16890494913,Thomas Miller,in,['toys']
71962809169,Kelsey Beck,model,"['books', 'health']"
50127035029,Charles Chavez,according,"['health', 'pets', 'automotive']"
70548062968,Bonnie Boyd,concern,['health']
92911568543,Angela Clark,seat,['health']
80971387007,Edward Smith,speech,"['pets', 'sports', 'electronics']"
71859378930,Jonathan Doyle,enough,['toys']
54382658236,Ashley Martin,modern,['clothing']
94785736640,Michael Warren,Congress,['beauty']
40118827497,Ronald Ellis,network,['books']
81044910840,Susan Morales,value,['automotive']
88443963084,Carrie Rodriguez,soon,"['food', 'clothing']"
94950192085,Brian Roberts,relate,['food']
98017483614,Kenneth Perry,writer,['automotive']
48565074103,Crystal Martinez,here,"['sports', 'toys']"
42748392178,Elizabeth Walsh,painting,"['clothing', 'food']"
54866615319,David Ford,offer,"['beauty', 'electronics']"
88330826940,Catherine Anderson,address,"['health', 'automotive']"
17813760506,Brenda Castillo,special,['pets']
74924394996,Cynthia Davis,Democrat,"['pets', 'electronics']"
69586990158,Judy Stewart,drug,"['pets', 'home decor', 'books']"
55497092356,Travis Reed,response,"['toys', 'pets']"
28576005387,Ivan Taylor,determine,"['books', 'food', 'sports']"
22624707797,Kathryn Valdez,building,['pets']
36265397476,Jack Ponce,among,"['home decor', 'toys', 'food']"
58584891110,Kimberly Rodriguez,Mr,['automotive']
46220276276,Travis Vaughn,walk,"['books', 'beauty', 'toys']"
67294756811,Stephanie Reed,hour,"['toys', 'automotive']"
67300646670,Charles Boyd,here,['clothing']
11053725192,Jennifer Wilcox,recognize,"['automotive', 'sports']"
41503047985,Dale Jackson,tend,"['health', 'food', 'sports']"
18262771632,Carlos Thompson,health,"['toys', 'home decor', 'pets']"
66368727938,Heather Ayers,pay,['beauty']
26920276426,John Gomez,apply,['toys']
72126282565,Mrs. Meghan Lee,your,['electronics']
35338952624,Robert Moon,north,['pets']
91238654463,Jessica White,environmental,"['home decor', 'toys']"
75653153842,Carrie Wilson,avoid,"['automotive', 'pets', 'health']"
38306651735,Kristin James,stock,['electronics']
12412490231,Meredith Anderson,better,['electronics']
32570580301,Linda Morrow,support,"['toys', 'beauty']"
46670235637,William Cardenas,specific,"['toys', 'beauty']"
37493106616,Angela Mcintosh,dream,"['toys', 'pets']"
73860156127,Amber Hamilton,table,"['automotive', 'food']"
44558774480,Linda Jones,authority,"['clothing', 'health']"
77716959560,Brian Evans,generation,"['home decor', 'automotive']"
22286646130,George Garner,receive,"['clothing', 'toys', 'home decor']"
81229168440,Tracy Burton,difficult,['books']
27407856409,David Mitchell,magazine,"['automotive', 'toys']"
90350973798,Scott Miller,realize,"['home decor', 'pets']"
33306510475,Robert Bird,develop,['toys']
38519085900,Omar Hill,into,"['food', 'books', 'pets']"
94921988345,Sharon Cervantes,result,['sports']
26906612601,Mrs. Veronica Thomas,you,['sports']
17781358542,Anna Sullivan,necessary,"['beauty', 'sports', 'clothing']"
40308060094,Erica Ball,guess,"['health', 'beauty', 'clothing']"
33560590807,Amy Hawkins,arrive,['clothing']
10384554772,Amy Ramos,red,"['toys', 'automotive']"
97453882177,Michael Johnson,message,['food']
49221557530,Tonya Hicks,long,['pets']
78239379273,Stacy Williams,instead,"['clothing', 'beauty', 'electronics']"
11445199303,Craig Rivera,process,"['clothing', 'health']"
44651705072,John Hernandez,fear,"['toys', 'health', 'beauty']"
66224680119,Savannah Sutton,though,"['sports', 'home decor']"
26726348137,Brian Guzman,learn,"['toys', 'home decor', 'food']"
99975417660,Brandy Baldwin,hold,"['health', 'electronics']"
98768126377,Bethany Fischer,age,"['toys', 'electronics', 'clothing']"
88669758702,Ronald Ortiz,throughout,"['pets', 'home decor']"
42832957158,James Thomas,never,['home decor']
15016395907,Vanessa Contreras,if,"['clothing', 'pets']"
39144201773,Carla Perez,team,['books']
79587077867,Amy Sanders,kind,"['health', 'beauty']"
63012166906,Samuel Dorsey,him,['sports']
63277925219,Anna Taylor,common,"['sports', 'health', 'books']"
25596282708,Brandon Rivera,until,"['health', 'food']"
18287440140,Angela Boyd,southern,"['clothing', 'home decor', 'automotive']"
84720291660,Anthony Hill,pressure,['beauty']
70780162671,Mr. Nicholas Campbell,space,"['automotive', 'clothing', 'books']"
63207009738,Kelly Contreras,herself,"['toys', 'home decor', 'health']"
57082663583,Adam Hale,anyone,['pets']
42012252057,Robert Duncan,stand,"['automotive', 'food']"
32702501678,Lisa Williams,assume,['health']
11190674443,Glenn Townsend,increase,['food']
57668191923,Jacob Warner,hard,"['health', 'pets']"
13559671712,Blake Taylor,move,"['health', 'beauty']"
44521583982,Casey Larsen,win,['sports']
53313911306,Daniel Robinson,collection,['pets']
88661390132,Tammy Scott,property,"['automotive', 'books']"
52898547660,Crystal Sanchez,reduce,['automotive']
81995212928,Michael Douglas,sister,['beauty']
22101385340,Bradley Costa,throughout,['automotive']
28145002231,Barbara Orozco,material,"['books', 'home decor', 'automotive']"
15950704047,Julie Petersen,stock,['health']
62700665147,Matthew Green,organization,"['food', 'clothing']"
68670787192,Marc Patterson,movement,['clothing']
96738960719,Jonathan Clark,boy,"['books', 'health']"
70649196900,Taylor English,computer,"['toys', 'sports']"
36478964409,Jodi Burns,door,['toys']
82805435582,Mr. Kenneth Allen,condition,"['food', 'books']"
96951530636,Walter Grant,picture,"['clothing', 'electronics', 'beauty']"
11222682106,Kristine Hernandez,cup,"['food', 'electronics']"
36357615482,James Madden,case,['food']
47109071046,Gabrielle Thomas,kitchen,"['automotive', 'toys']"
35023531824,Janice Williams,out,"['health', 'toys', 'automotive']"
13787599402,Joshua Harris,every,"['clothing', 'pets', 'beauty']"
75596218044,Amy Green,will,"['sports', 'books']"
82968900135,Rebecca Atkinson,discussion,"['home decor', 'books', 'beauty']"
90796178825,Lisa Payne,law,"['toys', 'clothing']"
60089880098,Mark Mcintyre,stage,"['health', 'sports', 'food']"
93349816939,Angela Rodriguez,such,['food']
68841558043,Mr. Samuel Sharp,education,['beauty']
91775846231,Kimberly Torres,language,"['home decor', 'clothing']"
89378982047,Amanda Miller,image,"['home decor', 'sports']"
81378151740,Benjamin Smith,type,['clothing']
14955060767,Stephanie Nelson,program,['home decor']
77787566251,Connor Tucker,under,"['beauty', 'toys', 'clothing']"
77383383101,Tyler French,animal,"['health', 'toys']"
70080469623,Hannah Jenkins,discussion,"['home decor', 'pets', 'health']"
47880380193,Lance Lozano,lot,"['automotive', 'food', 'beauty']"
64733922618,Arthur Jones,bad,"['pets', 'automotive']"
28931224695,David Harrison,old,['food']
20286465625,Amanda Morales,sense,['beauty']
70699336009,Evelyn Mcpherson,hundred,"['clothing', 'pets', 'sports']"
23770942663,Willie Montes,effect,['books']
56652869481,Patricia Johnson,board,"['electronics', 'home decor', 'sports']"
36788181211,Aaron Rose,miss,"['sports', 'food']"
74201444518,Sandra Yates,identify,['books']
46410044602,Ashley Norris,return,"['automotive', 'health']"
77326229517,William Mccoy,fish,"['home decor', 'sports', 'beauty']"
53226115504,Jaclyn Lewis,really,"['pets', 'health']"
87239672926,Jennifer Riggs,stuff,"['clothing', 'automotive']"
62637036949,Michelle Walker,quite,"['food', 'beauty', 'automotive']"
27868653221,Jeremy Paul,work,['beauty']
19481181888,Rebecca Schmidt,environmental,['home decor']
64466283045,Dr. Jennifer Spencer,director,['pets']
93328325766,John Moore,knowledge,['sports']
65410585863,Jason Robinson,your,"['food', 'health', 'clothing']"
10772319929,Katherine Greer,run,"['automotive', 'pets']"
95017499741,Donna Huffman,close,['sports']
40673444307,Kimberly Jennings,home,['food']
16403711908,Katherine Ramos,picture,"['sports', 'home decor', 'toys']"
79479256435,Jeffrey Walton,rather,['health']
78270794131,Natalie Ellis,give,"['beauty', 'electronics']"
14271472471,Jennifer Gilbert,message,['books']
34678560840,Robert Mckinney,strategy,"['home decor', 'books', 'toys']"
18704586872,Michael Bradshaw,here,['clothing']
68899986196,Chris Fernandez,fall,"['clothing', 'food']"
77110158346,Jenna Martin,big,"['pets', 'home decor']"
68483575288,Stephanie Smith,show,['health']
47072846288,Christina Bernard,student,['beauty']
10398646173,Shannon Bryant,read,['toys']
48413161602,Donald Barrett,until,"['automotive', 'toys']"
59465284005,Robert Murray,attorney,['clothing']
35812576022,Teresa Weeks,indicate,['toys']
93517378990,James Garza,mean,"['beauty', 'home decor', 'books']"
32222755484,Brian Eaton,show,['clothing']
68621263633,John Parker,nation,"['home decor', 'health', 'automotive']"
78367220024,Katherine Riley,hot,['health']
77980949261,Tiffany Parker,admit,"['food', 'sports']"
57413033270,Ryan Delgado,trouble,['clothing']
46757161802,Anthony Lozano,growth,"['home decor', 'beauty', 'automotive']"
40731913341,Mr. Eric Curtis,mind,['automotive']
66539821713,Jason Smith,various,['electronics']
20760344941,Sharon Davis,it,"['clothing', 'health', 'food']"
88954649964,Daniel Riley,movement,['automotive']
97820914171,Anthony Bright,budget,"['home decor', 'pets', 'health']"
82054720894,Patty Espinoza,population,"['home decor', 'toys']"
70644280442,Gina King,without,"['home decor', 'health', 'beauty']"
50718123798,Christopher Sexton,system,"['toys', 'books']"
32593441738,Sara Russell,member,"['electronics', 'sports', 'books']"
77167885270,Crystal Frazier,firm,"['clothing', 'automotive', 'home decor']"
77564515718,Eric Brown,customer,['books']
44100057987,Michael Bell Jr.,audience,['toys']
69010971842,Isabel Foster,compare,"['electronics', 'toys']"
64776474442,Christina White,probably,"['home decor', 'clothing', 'sports']"
82166777859,Janice Gibbs,cold,"['pets', 'home decor']"
41630913810,Gerald Taylor,prove,"['home decor', 'toys', 'automotive']"
29125520898,Megan Valentine,exactly,"['books', 'pets']"
34096522643,Kelly Myers,pick,"['toys', 'books', 'automotive']"
91399801643,Vincent Tyler,ever,"['home decor', 'automotive']"
95154249512,Amy Huffman,especially,"['electronics', 'books']"
93095416666,Kathleen Murray,first,['health']
95376473314,Derek Lee,yet,['books']
38372322226,Tracy Fields,media,"['pets', 'home decor', 'beauty']"
63024596119,Bianca Smith,put,['electronics']
10581863793,James Gardner,threat,"['food', 'clothing']"
85632640182,Brianna Simpson,important,"['books', 'health']"
16439096649,Dakota Smith,her,"['electronics', 'clothing']"
66125144107,James Mendoza,ability,"['automotive', 'electronics']"
67079820365,David Cruz,Congress,['books']
32357059011,Nathaniel Collins Jr.,different,"['sports', 'pets', 'books']"
29933970333,Michael Wilson,night,['food']
51784400692,Caleb Hernandez,another,['food']
44062125502,Jeremy Michael,important,"['automotive', 'food']"
27505696618,David Torres,trouble,"['toys', 'books', 'clothing']"
93188075763,Mark Martin,improve,"['electronics', 'clothing', 'automotive']"
90832695011,Katie Contreras,remember,['sports']
46422517785,Tiffany Harmon,responsibility,"['health', 'automotive']"
90688192690,Tiffany Snow,happen,"['health', 'books']"
91492120188,Edward James,far,"['automotive', 'health', 'books']"
80500585582,Emily Ruiz,dark,['electronics']
73262624045,Deanna Avila,much,['automotive']
90352846922,Courtney Bauer,whether,['sports']
79969356932,Nancy Jenkins,wear,"['toys', 'books', 'home decor']"
14618028078,Robin Myers,trade,"['clothing', 'books', 'food']"
84666466118,Steven Little,that,['beauty']
56235104765,Michael Thompson,tonight,"['clothing', 'home decor']"
48331859184,Melissa Kennedy,medical,"['food', 'electronics', 'pets']"
43193625060,Jason Alexander,above,"['automotive', 'food']"
97226228855,Brian Spencer,line,"['home decor', 'books']"
87229391372,Julie Marshall,trouble,['toys']
54381200750,Benjamin Fernandez,baby,"['pets', 'clothing', 'beauty']"
20331624441,Gregory Greene Jr.,floor,['electronics']
31154341428,Lauren Hughes,treat,['home decor']
44088188438,Claudia Krause,capital,['clothing']
14603325347,Mr. Zachary Diaz,spring,['electronics']
48966971851,Gloria Hoffman,walk,"['pets', 'health']"
13831037125,Adam Johnson,long,['beauty']
98137623181,Stephanie Coleman,spring,"['food', 'automotive', 'health']"
96910753601,Courtney Weeks,majority,['pets']
91244796183,Michael Jenkins,their,"['toys', 'electronics']"
87298066503,Carrie Khan,threat,['sports']
13552808457,Ann Daniels,focus,['clothing']
16125574846,Amy Huff,month,['food']
60534908709,Christopher Shepard,from,['automotive']
79021752488,Frank Weaver,southern,['clothing']
66819184032,Nancy Meyer,treat,"['clothing', 'sports', 'home decor']"
20581754928,Ruth Benson MD,executive,['automotive']
39474767666,Michelle Ford,east,"['sports', 'automotive']"
13789647959,Kaitlyn Williams,author,['sports']
53903377128,William Hartman,control,"['books', 'toys']"
58569894169,Anthony Grant,another,"['food', 'automotive']"
19900889817,Sheila Clarke,nation,"['clothing', 'automotive']"
20709962902,Alan Williams,thank,"['sports', 'beauty']"
22304936621,Howard Campbell,soldier,['home decor']
31798955473,Teresa Huff,its,"['books', 'pets']"
80715013738,Kendra Stokes,all,"['pets', 'automotive', 'food']"
14733212757,Angela Thompson,pay,['food']
11606501181,Rodney Burns,bill,"['beauty', 'health', 'electronics']"
78860272851,Monica Haynes,and,"['clothing', 'sports', 'books']"
93639900754,Michael Neal DDS,condition,"['beauty', 'electronics', 'books']"
62037451925,Veronica Nixon,democratic,['beauty']
10841534605,Oscar Garcia,couple,['food']
95811244735,Jessica Crawford,again,['books']
90718698492,Kristie Mejia,true,"['home decor', 'toys']"
88449753110,Kevin Dalton,position,"['books', 'toys', 'pets']"
82637966668,Heather Anderson,political,"['automotive', 'books']"
60609247177,Francis Pierce,hour,"['home decor', 'beauty', 'toys']"
54601231034,Heather Valdez,ago,['clothing']
58445575661,Jessica Morrison,civil,"['pets', 'electronics']"
73688734747,Randall Adkins,fly,"['home decor', 'sports']"
78691944793,Joshua Butler,finally,['sports']
97868468800,Rhonda Morales,manager,['health']
24441845368,Michael Floyd,imagine,['books']
89177458505,Christina Chaney,certainly,['home decor']
83346636036,Donald Cunningham,turn,"['automotive', 'books']"
68897077880,Nicholas Henderson,huge,"['automotive', 'electronics', 'health']"
93309304455,Erika Garza,go,['pets']
31182384681,Garrett Anderson,particularly,"['clothing', 'beauty']"
97353164472,Tiffany Fitzgerald,want,"['clothing', 'pets', 'home decor']"
43183511767,Vincent Bowman,watch,"['pets', 'books']"
24306666977,Brian Grant,establish,"['books', 'pets', 'beauty']"
16289439146,Robert Flores,let,"['toys', 'automotive', 'beauty']"
10298918634,Kimberly Anderson,produce,['home decor']
14862136349,Luis Thomas,character,"['electronics', 'pets']"
65248999129,Diana Cross DDS,too,"['food', 'toys']"
16246761231,Amy Pena,career,"['home decor', 'sports']"
13901879117,Theresa Hayes,prove,['electronics']
12504981019,Brandon Mayo,here,"['clothing', 'pets']"
95657795785,Harold Martinez,light,"['food', 'home decor', 'sports']"
83942327822,Gregory Kelly,page,['toys']
71646522221,Michael Watkins,quickly,['home decor']
37455644222,Brenda Robinson,star,"['books', 'clothing']"
54622252691,Brian Nguyen,include,['automotive']
69088254174,Christopher Morris,begin,"['toys', 'health']"
45237066765,Julie Munoz,work,"['toys', 'sports']"
89956964651,Katherine White,data,"['sports', 'electronics', 'toys']"
37695936311,Jessica Rhodes,laugh,"['pets', 'health', 'beauty']"
53544461253,Julie Smith,maintain,"['sports', 'food']"
55459498209,Kelly Hernandez,camera,"['beauty', 'health']"
79937344138,Barbara King,deal,"['electronics', 'pets', 'food']"
77096751633,Caitlin Middleton,million,"['beauty', 'books', 'sports']"
22006447004,Erik Velasquez,leader,"['beauty', 'automotive']"
21200808675,Marie Jones,above,"['food', 'sports', 'electronics']"
28665677658,Jasmine Green,always,"['toys', 'pets']"
74275977356,William Smith,relationship,"['pets', 'food', 'health']"
76698318942,Matthew Glenn,for,['electronics']
51674463452,Robert Calderon,event,['books']
74879418853,Mary Thomas,already,"['automotive', 'books', 'pets']"
44002466127,Jamie Carter,next,"['pets', 'home decor', 'health']"
22711220807,Melinda Alexander,kind,"['health', 'clothing']"
82371044976,Robert Ellis,require,['pets']
64965492042,Kevin Martinez,network,"['pets', 'health']"
26804271228,Matthew Stark,cup,"['automotive', 'sports', 'toys']"
73321530617,Andrew Smith,experience,"['clothing', 'sports', 'toys']"
60840651986,Stephanie Webb,consider,"['food', 'clothing', 'beauty']"
22804321362,Alex Dominguez,soldier,['clothing']
96472491808,Heather Higgins,than,"['home decor', 'sports', 'health']"
28184359687,Luis Moss,ready,"['clothing', 'food', 'beauty']"
59815827138,Paul Brooks,power,"['pets', 'home decor', 'health']"
24409483608,Jamie Brown,want,"['toys', 'food']"
23312997362,Matthew Adams,situation,"['sports', 'pets', 'clothing']"
77528240955,Jesus Morgan,great,['automotive']
58677500907,Tanya Mason,position,['books']
95232206916,Victor Price,under,"['books', 'clothing']"
51145093668,Jean Clark,discuss,"['books', 'pets', 'sports']"
61554666140,Christopher Evans,make,"['toys', 'electronics', 'automotive']"
67308418563,Michael Taylor,push,['food']
79740434029,Theresa Watson,just,"['clothing', 'beauty', 'home decor']"
25447285002,Samuel Pratt,stock,['pets']
75644105756,Cesar Huynh,popular,"['electronics', 'home decor', 'food']"
56825401833,Shannon Ortiz,enter,"['sports', 'clothing', 'toys']"
67465102761,Alexander Hurst,continue,"['toys', 'automotive', 'sports']"
20805346817,Mr. Jonathan Jackson,light,"['sports', 'automotive', 'home decor']"
38611884323,Brian Fletcher,crime,"['pets', 'toys', 'books']"
68621300373,Denise Baker,likely,"['home decor', 'electronics']"
30612091902,Erika Camacho,control,"['home decor', 'books']"
39843945645,Michael Hartman,week,['sports']
87244010700,Joseph Smith,despite,"['health', 'automotive', 'pets']"
71891981137,Kimberly Lamb,media,['pets']
45936685264,Christine Stokes,thank,"['beauty', 'sports']"
76675804703,Mr. Robert Johnson III,half,"['sports', 'books', 'clothing']"
50073679644,Evan Caldwell,information,"['home decor', 'health', 'automotive']"
22884888570,Mrs. Lauren Cruz MD,low,['pets']
24631684247,Antonio Jennings,him,"['electronics', 'books', 'home decor']"
10499954881,Allison Guerra,with,"['sports', 'clothing', 'health']"
61323918689,Lisa Rice,consider,"['pets', 'food']"
72770395112,Michael Brown,develop,['sports']
10469437750,Frank Odonnell,idea,"['home decor', 'sports']"
54432987337,Scott Cardenas,discussion,"['clothing', 'home decor']"
29656169429,Patrick Patel,today,"['automotive', 'sports']"
71525217679,Joshua Case,hot,"['pets', 'automotive', 'books']"
50955792476,Christopher Lopez,pass,['health']
57853471387,Veronica Palmer,deep,['pets']
82895895070,Melissa Henry,enjoy,"['beauty', 'electronics']"
38784937792,Denise Wise,join,"['health', 'pets', 'home decor']"
65372091132,Victoria Meyer,toward,['health']
55608868481,Kevin King,suggest,['books']
90118773475,Philip Brown,green,"['beauty', 'food']"
23278100552,Taylor Nichols,film,['home decor']
29216516565,Dale Sawyer,evening,['electronics']
76466748951,Steven Hamilton,stop,"['books', 'sports']"
73150751401,Micheal Mata,reduce,['toys']
24332082181,Jasmin Montgomery,health,"['food', 'health', 'clothing']"
30846088083,Gabriel Gonzalez DDS,near,['electronics']
70666767360,Rebecca Benson,especially,"['books', 'automotive']"
48151799871,Beth Young,quickly,['automotive']
18378719242,Emily Leach,again,['beauty']
77860849013,Shari Hicks,matter,"['pets', 'health']"
69993216925,Thomas Haynes,treat,"['electronics', 'clothing']"
39516522662,Jennifer Dawson,discover,['health']
81875331592,William Merritt,hit,"['home decor', 'clothing', 'pets']"
84965854071,Jordan Jackson MD,serve,"['health', 'electronics', 'toys']"
46142772876,Brian Valenzuela,service,"['automotive', 'electronics']"
50444674402,Nicole Jefferson,western,"['sports', 'beauty']"
37307821509,Carl King,not,"['home decor', 'health']"
74328061052,Tara Long,American,['sports']
49111473465,Mark Williams,crime,"['beauty', 'electronics']"
75867351140,Thomas Shannon,some,"['pets', 'health']"
94660727365,Kristen Osborne,minute,['automotive']
95178689966,Amy Yang,end,['electronics']
23237458583,William Hampton,some,"['books', 'pets']"
22482355946,Becky Hayes,rule,"['toys', 'clothing']"
60717970696,Michael Alexander,development,"['toys', 'home decor']"
76134614501,Timothy Watson,wear,"['home decor', 'beauty']"
59785851703,Cynthia Mills,six,['sports']
74647806628,Allison Watson,in,"['clothing', 'beauty', 'books']"
15497656519,Deanna Bailey,offer,['sports']
47192864027,Angel Lewis,significant,['clothing']
16851281390,Adam Ramsey,cold,['pets']
96383624590,Tiffany Vargas,cold,"['health', 'clothing']"
41222314291,Robert Wilson,power,"['home decor', 'toys', 'beauty']"
81151534138,George Smith,price,"['electronics', 'books']"
41151208553,James Baldwin,authority,"['automotive', 'food']"
57397066564,Kimberly Fuller,ready,"['books', 'beauty', 'home decor']"
73555279049,Ashlee Craig,quality,"['home decor', 'sports']"
17282433100,Christopher Williams,staff,['books']
30357665753,Matthew Strickland,herself,"['home decor', 'pets', 'electronics']"
23706786969,Clinton Williams,common,['food']
94026959401,Catherine Griffith,fine,"['health', 'automotive']"
17548281950,Keith Mckinney,without,"['sports', 'home decor']"
72290363954,Jonathan Glover,care,"['beauty', 'pets']"
21639563343,Jose Hinton,method,['electronics']
81437511126,Joseph Jensen,condition,"['pets', 'health']"
42912511775,April Ortega,set,"['automotive', 'home decor']"
13745332523,Jesus Wells,watch,"['electronics', 'books', 'food']"
18881217747,Christopher Thomas,past,"['pets', 'toys', 'home decor']"
75933546823,Brian Rios,wish,"['clothing', 'health', 'electronics']"
10859880054,Sherri Hernandez,her,"['books', 'toys']"
69961932988,David Gonzalez,approach,"['home decor', 'toys']"
59712591738,Kimberly Williams,program,"['automotive', 'home decor', 'books']"
42008412479,Robin Hawkins,environment,"['toys', 'automotive', 'health']"
49315897527,Jade Gallegos,practice,"['books', 'food']"
57439890202,Martin Foster,future,"['home decor', 'automotive', 'books']"
96258120653,Anthony Beltran,common,"['beauty', 'electronics', 'home decor']"
24147665288,Arthur Lee,safe,"['health', 'automotive', 'sports']"
23235719750,Samuel Miller,security,"['electronics', 'books']"
43682720249,Kristen Daniels,end,"['clothing', 'electronics', 'food']"
28200645551,Jacob Barker,than,"['books', 'food']"
64101155315,Stanley Doyle Jr.,traditional,['beauty']
89585734888,Wyatt Beck,imagine,['home decor']
21278170191,Jeremy Williamson,news,"['sports', 'pets']"
23893571264,Timothy Reese,wonder,"['pets', 'automotive', 'sports']"
81475533976,Lori Hill,fly,"['books', 'electronics', 'health']"
20510767784,Kristina Thompson,west,['books']
48339553769,Derrick Gutierrez,those,['pets']
41294236885,Robin Williams,health,"['food', 'electronics', 'clothing']"
25333436391,John Johnson,task,"['health', 'home decor']"
97432329861,Brent Jones,however,"['beauty', 'clothing', 'electronics']"
16015869994,Kristin Wood,art,"['automotive', 'sports', 'electronics']"
33142076411,Jacob Fisher,positive,['toys']
26571356769,Dustin Moses,memory,"['books', 'clothing']"
55002779406,Brian Rocha,toward,['sports']
37739032313,Jo Silva,door,"['home decor', 'sports']"
88650262874,Erik Lynch,area,"['electronics', 'sports']"
26016149669,Joshua Ayala,book,['health']
19442441559,Bruce Barr,economic,['books']
40010273985,Anthony Sullivan,apply,['automotive']
82272332363,Kristin Williams,from,['sports']
87213424204,Caleb Snyder,wish,"['clothing', 'food', 'home decor']"
99027049317,Gregory Camacho,certainly,"['sports', 'automotive']"
37690372335,Kevin Edwards,nature,"['clothing', 'home decor', 'toys']"
65476851678,Carlos Bradley,agree,"['electronics', 'automotive']"
41743228189,Jimmy Barker,section,"['clothing', 'toys', 'home decor']"
51803379246,Yolanda Gomez,certainly,"['clothing', 'home decor', 'electronics']"
45742520536,Jennifer Clarke,per,['clothing']
49519132833,Lauren Pena,message,"['automotive', 'clothing']"
63495448302,Linda Johnson,fact,"['pets', 'automotive', 'electronics']"
60603427356,Gabrielle Carpenter,image,"['clothing', 'books', 'home decor']"
68894004900,Jake Hawkins,issue,"['books', 'home decor']"
72165145441,Jesse Hill,assume,"['toys', 'health', 'pets']"
66761903002,Erik Dunn,old,"['pets', 'automotive', 'food']"
74647941620,Ian Oliver,end,['home decor']
44886665048,Carol Hale,so,"['automotive', 'pets']"
31826583209,Keith Mosley,company,"['books', 'home decor', 'clothing']"
56471337724,Robert Williams,argue,['toys']
24425215176,Amanda Newton,security,['pets']
75112022922,Glen Hamilton,likely,"['automotive', 'clothing', 'electronics']"
67593352830,Dr. Zoe Wright,several,['clothing']
19074804014,Tammy Taylor,course,['beauty']
23535947672,Michele Parker DDS,think,"['pets', 'food']"
27217752456,Heather Burke,free,"['books', 'electronics']"
49606559115,Joshua Harrell,too,['electronics']
51653247585,Teresa Harrison,challenge,"['food', 'electronics']"
62798960370,Mark Boone,wife,"['electronics', 'clothing', 'automotive']"
86826704295,James Clayton,doctor,"['automotive', 'sports', 'toys']"
89641368325,Andrew Bryant,size,"['pets', 'electronics', 'toys']"
99481618625,Jennifer Shaw,the,"['food', 'clothing']"
14680372353,Aaron Dougherty,five,['toys']
46367115594,Danielle Fleming,medical,"['health', 'food']"
80019858874,Danielle Meyer,development,"['beauty', 'sports']"
56352546585,Haley Edwards,become,"['clothing', 'toys']"
77982333163,Ryan Cain,throw,['pets']
49237638364,Zachary Burke,carry,"['clothing', 'pets']"
62338197861,James Kim,part,"['home decor', 'health', 'pets']"
92409065883,Tyler Martinez,project,"['toys', 'health']"
45876068021,Donald Martin,grow,"['automotive', 'toys']"
32548670354,Terry Lee,the,"['books', 'electronics', 'toys']"
29024708983,Tamara Moore,PM,"['sports', 'toys']"
63130332638,Kristen Haynes,we,"['home decor', 'pets', 'health']"
52245109616,Kathleen Anderson,yes,"['health', 'toys', 'food']"
80219479466,Jeanette Johnson,service,"['pets', 'toys', 'automotive']"
12959155472,John Mills,recently,['electronics']
94647151964,Glen Rogers,so,"['beauty', 'sports']"
19046035403,Carl Green,home,['automotive']
40203185826,Patrick Molina,act,"['toys', 'beauty', 'pets']"
37487226623,Alexander Jensen,job,"['books', 'clothing', 'health']"
24140711841,Bobby Lee,still,"['beauty', 'sports', 'automotive']"
70560907588,Ashley Macias,group,['food']
98016983443,Patrick Lucas,important,['home decor']
91879247247,Kelsey Petty,middle,"['clothing', 'pets', 'beauty']"
11488496990,Jesse Dunn,fear,"['home decor', 'health']"
42792554047,Traci Giles,oil,"['food', 'home decor']"
61711097837,Becky Nash,summer,"['health', 'clothing', 'toys']"
59447440165,Kimberly Wilson,guy,['sports']
49962632227,Jonathan Wright,certain,"['electronics', 'automotive']"
64967602883,Jessica King,second,"['home decor', 'beauty', 'health']"
74763701600,Steven Collier,yeah,"['beauty', 'toys']"
36145226686,Anthony Bond,five,['food']
81565999526,Elizabeth Weaver,arrive,"['automotive', 'sports', 'food']"
99507837873,Matthew Harris,within,['clothing']
86087572215,Shelby Lawson,structure,"['beauty', 'health']"
12799269838,Mr. Gary Porter,dog,"['pets', 'sports']"
30307398364,Amber Kelly,could,"['toys', 'home decor', 'electronics']"
32186915070,Virginia Harrington,pull,"['food', 'health']"
40008687021,Terry Mathews,general,['pets']
65041389926,Rachel Barrett,TV,"['clothing', 'toys', 'books']"
83915448845,Ronald Martin,admit,"['automotive', 'sports', 'pets']"
72831230222,Kyle Ware,various,['toys']
65322732414,Michael Hughes,according,"['health', 'pets']"
23740353116,Joseph Cox,air,"['home decor', 'clothing']"
23806282408,Walter Taylor,least,['beauty']
20533694810,Mrs. Lori Robinson,also,"['clothing', 'home decor', 'health']"
27962955610,Sean Hampton,teach,"['beauty', 'clothing', 'sports']"
32016066984,Steven Reyes,simply,"['clothing', 'beauty', 'food']"
83398932813,Brittany Burnett,quite,['clothing']
95319130766,Evelyn Garner,power,"['health', 'automotive', 'toys']"
70179665037,Monique Garcia,service,"['health', 'beauty', 'food']"
20106825397,Eric Turner,state,['books']
99177961218,Dorothy Pollard,difference,"['automotive', 'food']"
60587574084,Stephanie Moore,right,['pets']
39878293590,Anthony Shepherd,whose,['health']
39056633693,Scott Hobbs,get,"['books', 'beauty']"
94636829613,Martin Daniels,reflect,"['beauty', 'food']"
25156326431,Cheyenne Lewis,glass,"['pets', 'automotive']"
85505003718,Maria Love,upon,"['pets', 'food', 'beauty']"
55772686646,Amber Simmons,throw,['toys']
55548659729,Lonnie Palmer,yet,"['sports', 'home decor']"
64450869666,Tara Walton,agreement,"['sports', 'books', 'health']"
89619405248,Randy Williamson,join,"['pets', 'home decor', 'health']"
30962213560,Jordan Zamora,Mrs,"['automotive', 'toys', 'sports']"
74413908637,Robert Spencer,guess,['toys']
68210407218,Amy Wheeler DDS,family,['clothing']
67424402727,Jon Holmes,try,"['automotive', 'books']"
70554029425,Jesse Cruz,section,"['home decor', 'automotive', 'food']"
26708358804,Steven Long,agent,"['toys', 'electronics']"
96356421560,Steven Davila,cup,"['books', 'sports']"
57137000972,Jessica Cooke,fly,['beauty']
43089691302,Cynthia Ortiz,involve,['home decor']
71942694165,Michele Bates,maybe,['health']
54354786517,Jason Miller,care,['health']
89462684474,Steven Taylor,anything,['sports']
87644007502,Kayla Stephens,join,"['home decor', 'sports']"
98107241289,Ian Sims,require,"['pets', 'sports']"
79772507288,Nathan Morris,guy,"['home decor', 'health', 'toys']"
17325765538,Kathryn Hansen,view,['books']
87131607017,Amy Anderson,different,"['toys', 'books']"
69633277746,Matthew Mason,admit,"['health', 'beauty', 'pets']"
57807858402,Lori Gonzales,suddenly,['electronics']